Colegiado;Componente
1023;1927
1223;14
1992;1927
2042;1930
2174;14
4009;26
4402;304
9;26
230;3162
320;316
2564;3234
79693;316
74902;263
68265;6081
68265;423
75693;17125
75693;1945
33400;100113
116113;248
3498;2981
3498;1929
3498;14
3498;3162
3498;1927
3498;93
116113;1975
116114;248
72626;47397
116114;766
116372;421
116372;116372
116373;421
79910;257
19039;244
19039;257
19039;1926
19039;2981
19039;418
72625;21818
72625;21707
19039;433
72625;21709
72625;21713
965;956
1931;26
1931;1408
1931;2837
1931;316
1932;14
1932;1988
1932;1926
1932;1929
1932;3162
1932;316
1932;1930
1932;304
1932;3159
1932;263
1932;2852
1932;1927
1932;2981
1932;2844
1932;2846
1932;2837
72078;72083
72078;89
1932;26
1932;244
6573;2837
6573;1929
6573;2981
6573;14
6573;3162
6573;1927
6573;2844
6573;2846
9154;2837
9154;263
9154;1929
9154;3162
9154;14
9674;2837
9674;1929
9674;2981
9674;2846
9674;3159
9674;2852
74450;169
9676;8836
9690;2846
9690;2844
9690;1929
9690;3162
9690;185
9676;3236
9676;3517
9676;3412
9676;3272
9676;3245
9676;3271
10146;8836
10146;3236
10146;3270
10146;3200
20977;316
20977;94
20977;2846
20977;244
20977;2844
20977;304
20977;3162
20977;2852
78139;77782
1942;2837
1942;1988
1942;2981
1942;1945
105374;2981
112729;1927
112729;1988
112729;2852
1942;42673
112729;14
112729;2981
112729;3162
12691;2837
12691;1929
12691;2981
12691;2852
12691;1927
12691;14
12691;263
12691;1988
12691;3162
25034;3236
25034;3517
25034;3245
25034;3205
25034;3200
25034;2034
25034;3234
25034;3270
12779;185
12779;263
12779;14
12779;244
12779;2844
12779;3162
12779;1988
12779;1927
12779;2981
77205;1
16886;16888
72626;2058
16887;16888
16887;28900
19235;2837
19235;1930
19235;304
19235;2844
19235;2981
19235;316
19235;1929
19235;244
19235;14
19235;1926
19235;17125
16887;28901
19239;3235
19239;3273
19239;3271
19239;3517
19239;3413
19239;3236
19239;3243
19239;3200
19239;3231
16478;316
16478;185
16478;94
16478;263
16478;48
16478;2837
16478;27
20215;3413
20215;2034
20215;8836
20215;3152
1414;185
1414;94
1414;48
1414;3162
1414;1988
1414;2981
1933;26
1933;1408
1933;316
1933;185
1933;94
1933;48
1933;263
1933;2981
72625;21700
25230;1929
25230;242
112729;17125
112729;42672
112729;1929
1932;42673
1932;27
1932;94285
1932;68487
3172;3236
3172;3433
3172;2031
3172;3139
3172;1696
77957;42672
3172;78
3172;20777
16887;28899
41036;42672
41036;263
41036;1945
73209;42670
72625;21819
95182;94285
254;253
72625;21823
72625;21824
72625;21822
254;75510
72626;47398
72626;57952
71507;2825
75693;2846
254;115734
254;115735
10775;244
117143;304
117297;117267
4009;94
112729;263
112729;2837
1883;1929
25276;2852
4246;4243
20977;9674
87;1929
82;1929
82;2981
82;89
85;14
85;1799
85;89
85;172
85;171
85;2981
7707;89
7707;478
7707;3517
7707;3236
7707;1987
7707;1696
86;3162
86;2981
86;89
86;2
88;1929
77957;2981
77957;76917
112729;2
58490;42673
229;1929
229;235
229;89
548;1929
23371;1929
23371;2981
23371;235
23371;242
23371;91
101068;1929
47027;316
58490;1930
58490;72084
58490;2981
85703;304
117297;244
117297;304
76624;1696
41036;72084
41036;68487
76757;51963
76764;41295
85703;1696
117606;68278
7201;42672
2754;244
89755;1929
72807;7484
103208;72573
72806;7482
123109;44987
123109;77415
72825;93
72827;1929
72820;1929
101112;101068
57548;1801
1223;17125
72613;41066
72613;173
57548;68487
72613;1710
72820;2981
47082;69294
47082;54844
23448;244
1463;1929
1463;89
1463;3215
1463;478
25375;3162
25375;1929
25375;2981
25375;14
25375;2852
25375;1927
25375;263
25375;1988
25375;2837
23448;17125
1950;316
23448;72084
25376;3270
25376;3236
25376;3517
25376;3245
25376;3205
25376;2034
25376;3234
25376;2837
25411;3270
23448;2852
23448;72083
23448;68487
73049;2981
73209;1929
70178;1696
2766;244
57612;72084
57612;1926
57612;17125
57612;42670
306;244
306;2844
306;14
306;1930
306;2981
3319;1929
3319;316
73049;33225
23371;89
4009;1927
74537;1929
74517;1929
74589;1696
86245;1812
7453;2981
7453;2837
7453;1929
7453;3162
1023;316
1023;304
1023;2844
1023;27
25230;235
219;185
74589;94
971;3138
54128;92
72078;1927
72078;263
1557;2981
4491;235
217;185
1557;304
1557;244
1557;2844
1557;17125
1557;1926
1557;1945
76764;34169
1557;73212
1557;1801
488;41066
488;185
76762;41315
62137;334
76714;41312
76705;46399
76714;53389
26116;14
26116;263
26116;2981
26116;3162
26116;1988
26116;1927
26116;172
26116;2
26116;93
26116;9154
906;185
76714;31950
3319;73212
1023;48
14463;91
306;304
2607;957
2607;131
2607;93
2607;94
75168;1927
76792;55116
75609;24751
1023;1812
4;2981
9972;2844
76792;41361
9972;263
1736;94
4;1696
19108;10
9972;304
26789;7
26789;2981
26789;263
7211;1927
1992;1812
13404;1930
12731;1930
75611;36670
57612;91
105061;116148
76609;76610
74902;52303
74902;2837
74902;46
74902;316
105062;116148
4402;244
72559;1945
19399;8406
57612;172
488;94
954;36687
75693;2844
75815;1929
75815;316
103225;1988
105062;105072
76705;56918
1023;94
1023;1926
1023;1930
4246;1927
110100;17125
75909;75510
105062;105071
70741;91
20215;41067
20215;48
20215;185
14463;2981
1942;1926
3508;1926
3508;244
105062;105073
3508;1988
3508;1945
3508;36670
20215;94
12691;36670
6573;42670
6573;244
6573;304
6573;42672
6573;3159
6573;2852
6573;17125
6573;72084
6573;72083
76705;56902
74902;1929
76122;2834
59090;42672
59090;2837
2041;1930
59090;1926
76122;704
59090;1929
13656;1930
13418;1930
28034;185
28034;304
28034;316
28034;1929
28034;14
28034;2846
28034;3162
28034;2981
28034;9690
59090;42670
59090;304
59090;1945
59090;1927
50447;41066
105062;105068
43571;704
76120;704
76120;2834
76121;704
76121;2834
76123;704
76123;2834
76792;55209
28831;316
28831;185
28831;1929
28831;2846
28831;14
28831;304
28831;3162
2387;304
2387;2211
105062;118177
2387;2392
2387;2388
2387;8529
2387;2207
7211;3
87;77
87;78
87;1696
4246;2852
548;235
27702;94
27702;185
27702;48
26436;94
26436;185
26436;48
76792;55001
1023;14
1023;1988
1023;244
1023;185
1023;2846
1023;3159
1023;2981
1023;3162
1023;1929
1023;17125
1023;263
1023;2852
1915;1812
1915;1799
1915;8
1915;1915
4402;1945
29212;316
29212;185
29212;1929
29212;2846
29212;14
29212;304
29212;3162
14645;244
105062;105065
29217;1929
4;3
105062;118179
57680;244
91269;240
2259;89
75700;42670
1916;1812
76390;2837
76175;1927
29401;1927
29401;2981
29401;1812
76175;14
76175;1988
54888;2846
77695;2852
77695;42670
2042;2858
2042;1929
2042;2981
2042;1934
2042;89
2042;2210
77695;3162
77695;41066
77695;72084
77695;263
77695;2844
105062;118178
76175;17125
76175;3162
76175;244
76175;42670
76175;2852
3319;1801
906;94
906;48
906;1092
1736;1089
72625;11
1703;24744
1703;8
1703;47464
1703;47482
70227;60478
70189;1913
73049;13935
4678;223
487;48
30702;316
30702;185
30702;1929
30702;2846
30702;14
30702;304
30702;3162
30703;316
30703;185
30703;1929
30703;2846
30703;14
30703;304
30703;3162
30704;316
30704;185
30704;1929
30704;2846
30704;304
30704;14
30704;3162
20373;3162
1781;3162
352;2981
1932;1801
2766;2844
47762;91624
86572;3243
2764;1930
13403;1930
489;35
319;1801
30953;3205
30953;1927
30953;2981
47072;54844
254;244
74617;1812
254;1975
254;1977
47762;2852
254;249
47762;52303
254;3243
11722;11748
11728;11748
2766;263
2159;316
1223;1929
1223;89
1223;93
1223;25
2761;2844
487;185
86572;72571
76708;41288
77312;51
76764;45634
3406;33462
76731;41276
47762;46
2606;48
76175;1812
77695;1927
50447;1945
76706;55360
76746;41268
76746;49672
50447;304
76746;41383
76700;41280
76700;51417
118712;3618
76700;34142
76701;41367
76701;53810
118712;50934
76701;20660
76702;41338
76702;51706
50447;2981
76702;33209
76703;41339
76703;55306
118712;3619
76703;33219
32061;78
32061;77
32061;89
32061;478
32061;235
32061;324
32061;263
32061;1930
76175;25
75700;2846
1658;470
1658;427
1658;423
76390;1926
76390;42672
76390;1988
76390;3159
2764;1929
76390;244
5;3
5;2981
5;1929
4;89
1784;3
7211;94
118712;3620
118712;3621
118712;29029
76704;41287
76704;45569
118712;70352
76704;25209
76390;72084
322;316
85702;1929
76390;36670
76391;8836
76391;3152
229;316
229;1930
32529;1929
32529;1930
32529;2844
32529;306
32529;316
4402;1801
7173;1977
3783;1975
7128;1977
46768;303
8302;1977
8358;1977
76706;41340
23448;1927
23448;14
23448;1988
23448;1929
23448;2981
23448;263
23448;304
23448;2846
23448;3162
23448;316
23448;21089
23448;8838
32415;304
32415;1929
32415;316
7426;1977
8019;1977
76706;34034
76707;41298
76707;51562
3783;93600
76707;20606
76708;51933
95861;2846
76708;51910
76709;41334
76709;52436
2259;2981
95861;1696
76709;33731
76711;41300
76711;53831
76711;34179
76712;41341
76712;50995
50447;42670
76712;24482
76713;41285
76713;56773
119705;46
954;27
954;33032
954;304
954;244
954;32061
954;263
954;316
76713;21662
76715;41322
76715;52996
50447;42672
76715;41396
76716;41307
76716;54737
119705;3619
76716;34265
3417;24712
3417;1812
86245;429
76728;41313
76728;45827
50447;2837
76728;29468
76729;41270
76729;27707
50447;27
76729;49735
76730;41336
76730;53902
50447;76917
102336;48
76731;20198
76732;41308
76732;54960
85702;2981
76732;41393
76733;41281
76733;51373
119705;3620
76733;20262
76734;41292
76734;76902
119705;3621
76734;34162
76736;41324
43569;54793
76391;3231
76391;72573
76391;3234
76391;3272
76736;56323
119705;29029
76736;41397
76737;41282
76737;56654
84305;244
107112;1929
7881;1194
7881;1977
107376;2036
107376;40127
7603;1977
8657;1178
8657;1977
7603;1189
8065;1198
8065;1977
107376;3662
107376;75694
8409;5033
8409;1977
76737;41391
83289;2981
8445;5035
8445;1977
7591;1190
7591;1977
7869;1191
7869;1977
8385;1977
8097;1977
7742;1977
30135;1977
119705;70352
7694;1977
74537;55962
30711;1977
7788;1977
8707;1977
8707;1179
6510;1977
6510;3917
97;94
97;96
97;2209
97;131
83294;41359
84704;1930
33262;2852
33262;3162
33262;1929
33262;25281
76738;41384
4402;2844
29410;94
119705;69685
33400;2981
33400;1929
119705;29028
33401;185
76739;41301
33551;316
33551;185
33551;1929
33551;2846
33551;14
33551;304
33551;3162
33552;316
33552;185
33552;1929
33552;2846
33552;14
33552;304
33552;3162
33553;316
33553;185
33553;1929
33553;2846
33553;14
33553;304
33553;3162
69350;319
84172;2
71519;2831
9;27
76739;51421
33858;1799
33858;420
116376;421
94448;47313
1914;25
1914;11
1914;24712
1914;1812
24393;316
24393;263
24393;1929
24393;14
24393;304
24393;3162
24393;2981
24393;2837
24393;89
108150;2207
108150;36687
108154;8914
108156;46576
108156;315
123383;18
8019;1197
34198;1197
34198;8060
34198;8063
34198;34197
34198;8062
34198;30291
7173;1199
34286;1199
34286;1977
34286;7192
34286;7212
34286;30581
34286;7196
34286;30559
2159;421
123383;240
19039;2
84208;2043
84208;13959
8358;1204
34305;1204
34305;1977
34305;8361
34305;8366
34305;34304
34305;8365
1781;2837
8128;1977
8128;1207
104465;439
104463;244
104463;439
105052;244
105052;3561
105061;244
105061;94427
84208;2044
105062;94427
103678;244
103679;100918
103640;100903
103641;100903
105211;244
103618;100930
34326;1190
123383;25
123383;2114
123384;3200
123384;757
123384;3520
30157;5035
30157;8456
30157;8458
30157;8455
30157;8457
30157;30141
34334;1179
34334;8813
34334;33130
34334;8812
34334;30676
34330;1177
34261;1207
34261;8150
34261;8153
34261;34225
34261;8152
34261;34241
34330;6479
34330;6498
34330;34329
34330;6495
34330;34332
6476;1177
6476;1977
34336;1196
34336;7428
34336;7435
34336;32709
34336;7434
34336;34340
32937;5033
32937;32957
32937;8411
32937;8415
32937;34338
34349;1203
34349;32614
34349;8335
34349;8311
34349;8314
34349;34350
7657;1977
7657;1200
34355;1200
34355;7693
34355;7686
34355;34353
34355;34352
34355;7692
108156;14769
108156;416
108176;53
108176;9251
108176;9220
108176;9253
34366;1178
34366;8661
34366;8664
34366;34367
34366;8663
34366;34369
108176;9252
120216;91842
30813;1206
30813;1977
34363;1206
34363;34361
34363;30846
34363;30816
34363;30831
34363;30850
120216;87399
123384;2035
123384;3214
120216;120217
120216;120218
120216;104930
84208;3234
34344;3917
34344;7021
34344;7029
34344;34347
34344;7026
34344;26596
7788;1202
34382;1202
34382;7791
34382;7858
34382;32479
34382;7793
34382;32482
3319;1930
103618;244
103619;100930
103740;100910
103740;244
105322;456
105322;244
2042;4488
76793;41316
83289;1929
76793;41317
90439;14
84208;47229
34371;8080
34371;8068
34371;8081
34371;29629
34371;1198
30135;4324
73242;1926
80005;2852
80005;42672
80005;1927
80005;8838
34401;1195
34401;7170
34401;7167
34401;32334
34401;7169
1781;1929
7128;1195
105324;456
105386;58527
105386;86144
103811;100922
103811;103804
103811;103805
8097;1182
34404;1182
34404;8127
34404;8114
34404;33383
34404;8125
7913;4322
7913;1977
34412;1191
34412;7871
34412;7874
34412;34409
34412;7873
34412;34410
103811;103806
103811;103807
120216;80840
120391;36670
120391;2837
108437;91842
108437;89539
108437;415
68787;346
68787;462
68787;982
88837;240
88840;88844
89593;704
34455;223
34455;10
2766;304
72519;346
72519;48594
72519;20766
72519;1726
72519;21130
72519;426
89599;54793
1702;8
34419;1201
34419;7699
34419;7696
34419;34417
34419;7698
34419;34420
34489;1189
123384;81088
34489;88290
123384;18
120391;316
120391;41066
76739;20621
76740;53509
83289;2844
76740;53491
76741;41272
76741;49906
83289;41066
76741;41385
76742;41277
34376;1194
34376;7900
34376;29589
34376;7907
34376;7908
34376;29594
8677;1185
8677;1977
11731;244
77694;2844
3417;1988
76742;50667
83289;1930
75620;36995
75620;74079
75620;36687
75620;954
76742;41389
30711;4323
34618;4323
34618;30707
34618;30732
34618;34616
34618;30720
34669;470
4246;263
84303;88353
103988;91842
77694;75313
77694;42672
77694;14
77694;1945
77694;1929
77694;42670
77694;1988
77694;244
77694;42673
77694;72083
77694;73212
77694;2
2764;2981
32061;1929
99014;52702
103988;48214
77206;1988
1992;2033
1932;1949
319;263
1932;72084
75815;3162
76731;50509
77990;72083
72079;42672
72079;72083
76743;41293
76743;52293
9052;48
954;1801
76743;34170
76751;45614
83299;2837
76751;34164
76752;41320
76752;56447
9972;72084
954;1945
35685;2029
352;1929
352;14
4246;2981
352;17125
352;3162
352;2852
352;3159
352;171
487;94
84303;88751
105922;1988
105922;2981
105922;1929
13863;244
77694;91
36019;244
103811;103808
36019;451
36020;451
103811;1184
91556;3159
103811;1183
35620;1929
35620;235
35620;242
77694;93
36217;77
36217;324
36217;94
36217;48
36217;185
36256;1988
36256;2852
36256;25281
36256;8
36395;316
36395;185
36395;1929
36395;2846
36395;14
36395;304
36395;3162
36396;316
36396;185
36396;1929
36396;2846
36396;14
36396;304
36396;3162
36399;316
36399;185
36399;1929
36399;2846
36399;14
36399;304
36399;3162
36397;316
36397;185
36397;1929
36397;2846
36397;14
36397;304
36397;3162
36398;316
36398;185
36398;1929
36398;2846
36398;14
36398;304
36398;3162
8156;316
8156;1927
8156;1926
8156;304
8156;1929
8156;322
105922;1927
105922;3162
105922;2837
105922;42670
36603;294
36603;264
36603;2034
36603;3139
36603;3138
36603;1990
9674;3162
954;248
28282;25064
9674;1927
7656;7
37307;333
37307;304
70227;69961
70189;69961
70189;426
70189;1799
70183;70182
70185;70184
84305;304
70188;70187
70189;70190
70227;70226
72798;1799
72798;1812
72798;70564
72799;982
1658;12
73242;73212
1992;46876
16307;244
103857;60262
104955;453
104954;244
103811;103813
103811;103812
103811;440
103811;1185
105176;91751
105176;95984
37352;316
37352;263
37352;2844
37352;304
37352;244
37352;324
105176;32198
105176;105175
105176;95985
105176;105181
105176;105182
105176;105178
105176;105179
84303;72577
84303;72578
84303;72579
1557;42673
73035;2981
119223;91842
119223;1799
120961;115257
1557;1927
1557;2837
110100;44987
120961;2837
120961;14
120961;41066
12498;1930
93287;36687
12729;1930
94359;91624
12730;1930
105176;105180
9674;42670
9674;42672
75693;2
75693;14
75693;93
75693;263
76752;30315
76753;41321
76753;56495
83299;2981
76753;20651
37719;1799
37719;468
37720;1799
37720;468
37752;77
37752;3
68554;1988
110100;44396
110100;1799
110100;1929
110100;2981
110100;77409
3498;72083
89755;91144
4246;1988
89630;3200
89630;757
89630;3520
25323;447
25323;25324
25323;1977
25322;447
25322;25324
25322;25326
105922;14
105922;76608
105922;3245
103570;244
103570;100931
120961;1929
120961;316
96518;38337
96518;1812
37258;438
37258;37238
37258;37239
37258;37236
37259;438
37259;37238
37259;1977
120961;2981
120961;304
120961;86144
121080;2837
103570;105756
103570;105159
103570;450
36475;446
36475;36474
36475;1977
98518;91842
103570;105156
103570;105157
103570;105158
75693;1927
75693;1929
75693;1988
75693;2981
75693;3162
75693;19856
30668;452
75883;74931
83276;2981
75883;8836
30668;37303
121080;316
75883;8837
68554;72084
68554;1945
30668;37300
37304;452
83276;1945
37304;1977
79639;1812
79639;25
79656;2
19235;73212
19235;42673
121080;263
121080;41066
121080;1929
121080;2981
25430;449
25430;25433
3498;72084
36332;450
36332;36317
103571;100931
36332;36314
36331;450
36331;36317
36331;1977
2259;3162
76762;52588
10146;3517
121080;27
58490;316
58490;1926
74383;316
84208;75229
36680;440
36680;32134
36680;1977
32108;440
32108;32134
32108;36660
32108;32137
36278;436
36278;36080
36278;1977
36279;436
36279;36080
36279;32237
36279;36078
116715;1801
75168;263
94448;47309
4246;3159
121335;2981
72739;71921
72739;2759
72739;1782
72822;91
72821;1929
72821;2981
72821;91
70181;429
72823;91
75620;426
57612;166
1023;37808
75815;304
71529;2836
20215;43945
20215;3517
77073;185
1658;250
76175;2981
77073;94
77073;48
76391;3243
76391;72567
76391;36995
73242;244
73242;304
73242;36670
68642;54843
38650;9
38650;8
488;48
2766;14
76609;2981
74902;2981
74902;42816
77073;75113
94448;47312
76175;263
76175;89539
77073;36
1409;48
4246;1929
76785;41296
38163;304
38163;14
38163;1988
116715;3319
7221;185
76785;53765
2766;1988
76785;25210
75883;3213
76738;41271
29217;14
68554;42672
68554;1801
76755;41325
76755;51448
84208;75234
39758;14
39758;1927
39758;367
76755;31951
76756;41349
76756;54198
84208;2058
76756;34320
76757;51971
76758;41368
76758;53201
84207;2043
76758;53185
76759;41326
76759;54631
84207;2044
76759;41398
76760;41327
35463;34703
20373;1929
20373;263
20373;14
20373;2981
116715;316
116715;1950
76760;53712
84207;3234
76760;34297
76772;25025
76773;41330
40335;333
40335;244
40335;248
76773;52109
84207;47229
76773;32156
76775;41355
76775;54320
84207;8882
76775;34323
76787;41274
76787;50171
84207;2055
76787;41386
76776;41357
76776;55665
84207;75229
76776;23922
77006;2844
954;77
72823;1929
72823;1696
76778;54493
84207;2058
76778;20676
4402;2981
76779;41283
76779;45776
84207;75234
76779;21655
84305;36670
40600;6573
84206;2043
40600;2837
40600;1929
40600;2981
84305;42673
90737;3200
76792;55190
90737;81768
76780;41278
76780;50821
84206;2044
76780;41390
76781;41366
76781;54557
40875;25281
10036;244
3406;1812
76781;26297
76782;49341
41039;1799
2761;1930
89630;2035
89630;3214
89630;81088
89630;15
3783;250
84206;3234
76782;49214
76782;46396
76783;61981
76783;62002
84206;47229
76783;61985
76784;41311
84206;8882
76784;20642
76786;41297
76786;45645
2761;14
2761;2
2259;2844
2259;1929
2259;91
2259;11496
124623;333
84206;75229
76786;28796
76789;41279
2159;334
2159;2981
76789;45800
84206;4243
76789;20581
89630;72080
76790;41275
76790;50234
84206;2055
3319;2837
3319;263
3319;244
3319;304
3319;2844
3319;1926
3319;2981
76790;41388
89630;8842
76791;41319
1023;2837
76791;53591
84206;75234
76791;34294
76724;35735
3498;42670
76724;35758
84206;2058
90737;2028
76793;53066
84206;8
90737;2029
90737;3520
90737;80968
2764;1934
1023;36670
89630;81025
89630;2118
77997;134
77996;134
77996;94
77996;41066
77996;1929
77996;2981
75700;14
4402;1930
7201;17125
32101;467
32098;467
32098;26119
25376;3200
78067;2981
1023;41066
2259;2837
32098;32100
39758;42670
2159;41066
32098;32099
32099;32102
32099;26119
32099;32287
32099;32123
32099;32770
32100;32102
32100;26119
32100;32213
32100;32214
32100;32282
32100;32770
32100;32738
78067;3162
78067;235
78067;1696
78139;25
78096;44813
78096;77415
78096;44987
7201;2
96337;1988
121335;3162
121335;1929
121335;1988
121335;263
121427;333
121427;704
121427;54844
121427;54793
83276;304
121428;1801
78096;44988
78096;1799
78096;73212
78096;68487
121428;1926
15400;1977
25430;1977
78096;173
78096;1927
78096;1945
76814;346
76814;982
76814;240
76814;470
76814;426
36276;1977
93905;54844
1018;48
78225;78055
78225;3152
78225;3236
78225;42802
78225;3245
78225;2034
78225;3270
13297;417
16478;41066
78225;3517
41036;316
41036;1988
41036;3159
41036;1926
41036;244
41036;36670
41036;1930
41036;304
41036;2844
41036;2846
41036;2837
1557;316
44211;17125
43072;8836
43072;41109
43072;2034
43072;42802
43072;3205
43072;3413
43072;3234
16534;16535
76710;41358
83299;244
2564;3517
2564;2
76710;54359
16534;44294
16534;44290
16534;44291
16534;44292
16534;44293
16534;16543
123562;106084
16534;16547
16534;16549
16534;16591
103208;73992
16534;16605
16534;16610
16534;16611
16532;16535
16532;44284
16532;44290
16532;44291
16532;44293
16532;44294
16532;16543
123562;106092
16532;16547
16532;16549
16532;16591
103643;244
16532;16605
16532;16610
16532;16611
1950;9053
1950;324
1950;704
76710;34324
83299;1988
76740;41337
77695;72083
77695;68487
77695;73212
77695;72082
9;2837
9;3159
11490;444
110105;17125
19235;68487
44638;41581
77695;93
77695;91
77695;2
77695;172
77695;171
77695;224
77695;46876
36217;27
44396;1799
44396;14
44396;2844
44396;244
44396;304
44396;42670
44396;1927
9;304
44396;17125
13461;1930
117159;117159
44638;120869
44832;1799
88855;46876
74617;46038
74617;54171
74618;1812
74618;54171
74618;46038
74649;1812
74649;25
74649;2207
76136;2837
76136;244
76136;304
76136;2844
76136;1988
9181;48
45007;1799
26789;26
45007;466
76136;1927
76136;1945
76136;42672
76136;3162
78067;2846
76136;1801
76136;2
76136;91
75609;982
75609;13866
44638;120401
78225;3271
78225;72567
45008;466
45008;4039
45076;2837
45076;1929
45076;93
5;2844
5;41066
1784;1787
1784;1726
1784;6
1784;1788
1784;1727
44638;110015
121597;14
121597;2837
78225;3200
78225;3234
78225;44813
71511;704
45076;14
110105;1945
110105;46876
121597;1929
121597;17125
88855;185
79693;1929
79693;263
121596;14
121596;2837
121596;1929
121596;17125
79693;3162
102336;50
102336;68
102336;58
102336;63
102336;345
102336;51
1023;42670
102336;53
102336;955
102336;58527
123562;84812
123562;2452
123562;83602
121667;108178
103643;100906
103642;100906
105191;94430
121667;92767
121667;93067
121667;92753
79693;1926
352;166
352;2846
352;41066
352;42670
79693;1988
107376;2037
107376;3231
79693;2844
79693;324
32415;2837
32415;2981
45427;470
79693;704
68265;315
68265;470
41926;41066
76610;76608
1023;42673
29217;185
121667;92751
121697;72083
121697;1927
121697;2844
229;478
13402;2041
121697;41066
121697;1988
121697;3162
80005;46876
80005;14
80005;42670
80005;2981
80006;1927
80006;8838
80006;46876
121698;72083
80006;2846
121698;1927
80006;2852
121698;2844
14664;244
121698;41066
80019;1927
80019;8838
80019;46876
80019;2852
80019;316
121698;1988
80019;2981
121698;3162
77320;74011
77320;240
80486;316
91835;86567
43577;704
121733;316
1702;3234
72078;121813
88984;304
88984;74931
88984;74933
88984;74932
88984;23666
88984;1989
74589;41066
83299;3159
83299;1926
58490;73212
84206;1
84206;223
75700;2852
84219;3995
84219;46847
84219;25
43590;2836
43582;2828
43580;2826
43579;2825
43587;2833
43581;2827
43576;2822
88984;3273
29217;316
43570;316
43574;316
43575;316
43586;316
1932;73212
33401;2846
105359;2837
43588;316
84219;1812
84219;421
84219;419
46184;1872
1023;3205
84219;420
84219;67671
84219;422
9972;1930
105359;14
84219;462
84219;424
8870;263
8870;2034
8870;264
8870;3139
8870;3138
8870;1990
84219;463
13419;1930
9972;3
30953;42670
3171;3517
3171;2031
3171;2033
3171;2032
3171;3139
3171;1696
3171;1987
3171;20777
7211;3517
46450;1799
46451;1799
84219;423
84219;418
84219;429
84219;431
84219;464
84231;757
84231;3200
84231;3520
84231;2035
84231;3214
84231;81088
72612;1913
72612;51163
6573;42673
122507;244
76757;51981
84231;16
76757;51987
76757;51969
72612;51162
110105;1926
71515;2829
72078;26
72078;72082
72078;2837
1992;2981
72078;42673
72078;27
72078;1929
2042;478
7211;2981
7211;263
7211;14
7211;2852
7211;1988
7211;3159
7211;41066
7211;42670
7211;2846
7211;17125
7211;42672
7211;118
7211;211
7211;10900
4246;41066
76767;41332
45738;17125
45738;14
45738;2981
45738;3162
45738;1929
45738;1927
45738;36670
45738;2
45738;1799
2874;3271
2874;2862
2874;221
2874;304
2874;1930
2874;2844
2874;21930
72078;2981
72078;3162
72078;1945
72078;2844
110105;316
57549;316
1932;72083
103856;1013
262;261
84231;2064
76767;56183
76767;21670
102145;4467
46641;185
46641;14
46641;1929
46641;316
46641;304
46641;3162
46641;2846
27301;21089
124623;26392
102145;38378
32529;45013
9972;2981
9972;1929
9972;14
9972;17125
9972;244
9972;36670
9972;2846
9972;2852
9972;1927
9972;3162
54888;92748
47027;2981
122507;2837
122507;304
122507;2981
122508;304
122508;2837
122508;244
122508;2981
122582;470
102146;91849
3171;42671
3171;3433
1932;41066
1932;36670
102146;1836
103583;100914
1932;42670
2259;304
44370;2207
44370;173
44370;44337
44368;173
44368;44335
44396;1929
44396;2981
46705;36688
46705;38160
110105;173
72824;1929
72824;93
72824;2981
46767;303
46767;1930
46767;1934
3896;1799
3896;46753
3896;46751
3896;46754
3896;17125
76709;76709
122583;470
122721;91842
122721;48387
25276;1988
25276;2981
25276;1929
25276;1927
25276;3162
25276;2837
46785;263
46785;316
46785;1929
46785;14
46785;304
46785;3162
46785;2981
46785;2837
46785;89
24393;9154
19770;244
71666;2844
71666;1929
71666;2
1557;263
1557;1988
84231;1023
9154;17125
46873;185
46901;14
46901;304
46901;1929
46901;3162
46901;185
46901;316
46901;2846
46901;36687
28034;36687
12099;244
43589;2835
43573;2819
43591;3681
1992;91842
33400;42670
33400;2837
9154;2034
47073;333
47072;333
1023;73212
1023;68487
47074;333
1023;1801
47075;333
1023;1408
47076;333
122721;13421
47077;333
84254;94
47078;333
84254;17125
47079;333
84254;1945
47080;333
84254;3162
1932;42672
8370;1977
1932;1945
47204;58
47204;68
47204;63
122755;1929
47204;955
47204;51
47204;345
47204;55
4246;14
4246;3162
4246;244
1702;1988
84254;36670
47084;333
84254;1927
47083;333
84254;2981
47082;333
84254;2844
47085;333
84254;1750
47086;333
84255;14
47087;333
84255;1988
47088;333
84255;1926
47089;333
84255;41066
47090;333
84255;244
47091;333
84255;1929
47092;333
84255;42670
47093;333
1414;41066
2766;316
2766;3162
3783;766
3783;8
3783;1
3783;284
3783;1926
3783;3786
3786;250
3785;250
3785;3791
3785;3790
3785;3789
4678;1988
1702;1
1702;250
122755;2852
84255;316
84255;1930
42816;2837
4678;4691
4678;4897
4678;4940
84255;304
84255;42672
84255;3159
84255;263
84255;2852
47636;3138
47636;274
47636;2033
47637;36670
47636;244
47636;3662
47636;3271
47636;3152
84255;17125
47636;248
12458;12536
12458;25070
12458;12558
12458;12567
12458;12576
12458;12584
12458;12589
12458;12593
12458;12650
12458;13009
12458;13016
16307;16327
16325;16327
16325;37614
16325;37612
84255;1945
16325;37615
122755;2981
122755;2837
122755;109913
90028;90028
89754;2981
94448;47311
109994;2852
109994;1929
109994;1696
122780;115352
122780;115504
47756;27
122780;86144
122780;115257
123567;68487
123567;73212
123567;3159
84255;3162
84255;36670
84255;1927
84255;2981
84255;2844
84255;72084
84255;2846
76729;76729
1023;72078
1023;72083
85702;304
86572;3271
88840;88839
88855;1927
88855;263
88855;2844
88855;14
88855;72083
88855;1812
93381;91
88855;40565
77694;17125
104464;439
105162;244
89704;1812
121629;3234
89754;1929
84305;42670
90737;87427
2052;2035
47760;2837
2052;81088
47761;27
121629;75234
121629;2058
121629;75229
121629;2055
90528;25
90528;422
90528;93
90528;2791
105162;100920
68787;423
68787;464
84243;1988
84243;72083
84244;14
84244;1927
84245;41066
84245;1927
84246;42670
84246;2981
84247;304
84248;42672
47636;304
47762;316
47762;41066
47762;263
47762;1929
47762;1930
47762;304
47762;3162
47762;2981
47762;3159
47762;1988
47762;2837
47762;27
84249;2852
84249;2846
84250;3162
84250;72084
84251;1926
84251;244
84252;316
84252;263
84253;1812
84253;316
89755;2837
121629;2043
121629;1
121629;8
1011;72084
971;91108
971;91109
91118;17125
91118;1929
91118;2981
91118;14
91118;1696
105163;100920
103571;103576
103571;103575
2159;304
91120;2981
91120;1929
91120;2114
91121;2062
91122;1929
91122;263
91157;1812
91157;1799
91157;173
91157;2207
352;2
121629;223
121629;4243
110404;54793
83298;78055
1023;1945
121852;2981
121852;2837
121852;1929
32061;52303
32061;316
77990;1927
77990;1988
77990;14
77990;304
121889;29008
77990;263
77990;2981
46743;1799
121888;3273
74606;42672
36686;10
121888;1989
121888;23666
121888;74933
77990;17125
77990;42670
80973;1812
7201;263
7201;14
7201;2846
7201;2852
7201;2981
7201;1927
7201;1988
7201;3162
7201;2837
47027;41066
29217;304
46873;304
12476;12536
1942;2844
12476;25070
1942;42672
1942;263
121888;74931
1942;91624
1942;244
1942;3159
1942;1927
1942;72084
12476;12558
12476;12567
12476;12576
12476;12584
12476;12589
12476;12593
12476;12650
12476;13009
12476;13016
121888;315
121888;36687
121888;45013
44354;44313
44354;173
2159;427
2159;470
74606;1988
74606;41066
46770;1930
954;9053
44350;421
44350;2207
44350;173
74606;244
9;1988
9;2981
9;263
9;1929
9;244
9;41066
9;3162
9;42670
123584;1988
123584;2058
123584;244
123584;3162
123584;2981
123584;8
1011;14
1011;1929
1011;1927
1011;1988
1011;3159
1011;244
1011;41066
1011;36670
1011;2852
1011;2981
1011;263
74606;316
124030;72567
46873;14
43578;2824
80973;423
37;36
21007;36
51111;46876
10495;48
124030;72568
124030;72569
124030;73565
74606;1927
74606;2981
74606;304
74606;2844
74606;2846
80973;2045
80499;3162
51124;304
51124;244
51124;1930
80499;2837
954;41066
51144;48
124030;73570
124030;97001
107652;70942
108428;1927
108428;2844
108428;41066
124030;79199
122771;1801
91835;91624
122771;2837
46767;2981
10373;48
51175;333
51222;333
51222;240
51222;704
51223;333
122771;316
4;1929
40335;1927
80499;1988
80499;1929
80499;263
80499;2981
80499;42670
80499;1927
40335;42672
51175;704
10146;3215
10146;77
10146;3433
10146;20777
10146;3139
16637;244
51321;2837
51321;2034
51321;41109
122771;41066
51321;3619
122771;263
51321;3200
51321;44813
51321;3272
51321;3234
51321;3270
51321;3243
51321;3236
51321;42802
51321;3413
51321;3205
51321;3245
51321;3517
51321;3235
51321;3273
51321;3412
51321;3271
51321;36995
51321;3231
51321;43945
80499;2852
80499;14
80499;2844
80499;2846
80499;42673
80499;2
83298;3152
91140;42670
91281;50
91281;68
83298;41067
83298;3236
83298;3517
51736;316
51736;41066
51736;1929
51736;14
51736;244
51736;1926
51736;2844
51736;1930
51736;304
51736;3319
51736;1557
51736;33032
51736;1801
91281;58
51736;42672
51736;42670
51736;17125
51736;42673
51736;27
51736;2837
51736;36670
51736;1927
51736;2981
1750;3205
72811;1927
70183;69961
70183;1139
72811;2846
9972;1988
49;48
117296;244
117296;304
11524;244
51962;3159
51962;1988
51962;3162
51962;25064
51962;2
51962;1
70185;69961
70185;1799
70185;432
70185;315
70188;69961
70188;426
72811;41066
47027;2837
47027;1929
47027;3162
47027;48
76788;46395
117296;1929
76788;56538
76788;56522
77313;44988
77313;44987
77313;44396
77313;1799
57534;42672
77313;1929
77313;2981
52247;2837
52247;1929
52247;3162
52247;52246
52247;51
91249;14
76726;41291
77319;3270
77319;1929
77319;263
47074;54844
87450;25
117294;244
117294;117267
47027;72084
77319;14
77319;2981
84155;1696
77319;2837
77319;1696
84155;1929
72811;21089
72811;46876
75700;2981
72812;304
3783;263
77319;3162
84796;36670
84796;72084
76751;41294
33400;42672
76762;53942
117294;2981
117294;304
72812;1927
72812;1988
72812;46876
78027;91842
72813;263
72813;1927
3319;1945
32061;45104
78027;103730
103857;91842
119435;2981
119435;2837
119435;2852
26436;41927
36688;36687
53791;2837
53791;2852
53791;2
53791;21089
53791;1987
53791;42671
119435;1927
119435;3162
119435;1988
57549;1945
72813;46876
72814;1927
72814;2846
72814;21089
72814;46876
72815;14
72815;304
72815;1927
72815;1988
3319;36670
72815;46876
84796;1988
12691;42673
12691;72083
12691;17125
9674;41066
9674;2844
72079;73212
119435;1929
119435;52303
73242;17125
73242;2844
73242;316
73242;42672
73242;1988
73242;1945
73242;1927
119945;91842
119945;1799
119945;415
121673;36995
72520;2837
72520;316
72520;41066
72520;263
72520;2846
72520;244
72520;304
72520;3162
72520;2981
72520;3159
72520;1988
72520;1927
72520;72084
44306;3159
44306;1926
83294;55930
84208;8882
84219;32186
79906;1977
84255;48
84255;185
84255;94
84255;72078
54127;1929
54127;89
54127;92
54130;1929
54130;1696
84255;72083
84255;68487
84255;1801
84255;46876
84255;1812
84247;1812
81129;244
81129;42673
81129;2844
81129;1945
81129;304
81129;1988
81129;1926
81129;41066
81129;72084
81129;17125
81129;36670
81129;1927
54600;244
81129;27
81129;1801
81129;68487
81129;73212
91249;87297
108134;3412
1023;42672
91249;87112
91118;44987
121673;36994
91281;63
91281;58527
91281;53
91281;955
91281;54
91281;345
91281;73321
91281;1706
91281;80394
52247;41066
121673;116479
121673;116490
54794;27
54794;316
54794;41066
54794;14
54794;2846
54794;244
54794;304
54794;3162
54794;2852
54794;3159
54794;42670
54794;1988
54794;2837
121673;116493
121673;36997
121673;116516
75168;2844
54866;3412
54866;54844
54866;2846
54866;2981
54866;1929
9;14
91249;87075
91249;2114
87240;2114
91835;94359
91835;2981
91835;3159
91834;1696
94358;86567
94358;94359
84172;2981
105053;3561
103741;100910
105394;105392
105394;4324
105394;105390
55957;2
55957;226
55957;21089
55957;46
55957;1987
105394;105393
105394;105391
105395;100907
105395;105400
105395;105396
105395;105397
105395;105398
105395;105399
105395;105392
105395;4324
105395;105390
105395;105393
105395;105391
103703;100917
103703;103709
94441;704
107995;299
56142;2837
56142;27
56142;316
56142;1929
56142;3162
56142;2981
56142;1988
44381;173
44381;2207
44362;173
44362;2207
94441;2825
74383;41066
56858;1
56858;8
56858;250
56858;244
56858;1988
56865;1812
56865;429
94442;316
94448;24751
56742;466
56742;4039
94448;47310
94448;47305
94448;27532
72079;26
89755;42670
94467;1988
94467;244
94467;263
94467;2981
94467;41066
94467;1929
94467;1
94467;8
21927;249
21927;248
94467;2
57193;316
57193;1929
57193;3162
57193;2981
57193;1988
57193;2837
57193;27
2174;1929
2174;2981
103654;100913
73049;304
80962;250
55959;1927
2754;316
2754;1988
57313;333
57313;2030
53791;2981
53791;3620
53791;3245
14463;42672
57549;2844
57549;2837
57534;1930
57534;244
57534;304
67931;244
103857;103264
103857;61043
103654;244
57550;3159
57577;14
57577;1929
57577;3200
57577;2035
57577;18
57577;2981
57577;17125
57577;3162
2174;93
1933;27
121674;73883
2174;1927
2174;42670
2174;17125
2174;2846
2174;3162
121674;94042
121674;93988
71433;46
75481;263
75481;268
74517;1696
10146;3138
14463;1929
14463;3162
14463;89
121674;115633
57680;316
57680;263
57680;1929
57680;1926
57680;3162
57680;3159
57680;2837
54888;2837
54888;41066
54888;316
54888;1929
54888;2981
54888;3162
54888;42672
57224;1930
51144;304
94467;25
121674;74907
84219;472
77695;1988
77695;1945
77695;1930
77695;2981
77695;244
77695;14
74537;2981
80962;249
80962;244
80963;1812
80963;173
80963;1799
80963;76292
58062;466
70219;41110
58062;2798
84219;416
121674;76454
122771;244
58124;77
80496;36687
58151;77
58152;77
58153;77
58154;77
58155;77
58156;77
58157;77
58158;77
58159;77
58099;77
80496;315
13654;13864
58100;77
58101;77
58106;77
84219;425
58107;77
84219;415
58109;77
58103;77
58104;77
58105;77
84219;428
58121;77
58122;77
58123;77
84219;426
58126;77
58127;77
58128;77
58129;77
84219;417
58162;77
58163;77
58164;77
58165;77
58166;77
58167;77
58168;77
58169;77
58171;77
84219;430
58131;77
58132;77
58133;77
58134;77
84219;427
122771;1945
84219;457
58079;77
58110;77
84219;433
58112;77
58113;77
58114;77
58082;77
84219;432
58116;77
58117;77
58118;77
58119;77
84219;76175
58091;77
58092;77
58093;77
84231;3601
58095;77
58096;77
58097;77
84231;25
125455;42670
125455;2837
125455;1929
125455;2852
125455;2981
125455;1927
84231;3602
15670;1977
84231;15
73049;10300
88464;75510
75168;1988
75168;17125
75168;3162
75168;72083
75168;41066
103655;100913
105374;1801
105374;1945
3896;46744
3896;1872
3896;89249
3896;89259
108428;72083
76721;76721
76701;76701
125617;3245
125617;2854
125617;1917
125617;1919
125617;80045
125617;80058
89540;91842
125832;256
2761;1929
91258;1812
91258;1799
77990;38337
91834;86567
70219;185
70219;94
70219;48
101121;1929
1018;10030
57680;91624
93717;1207
95182;1988
95182;3162
95182;14
95182;244
95182;304
95182;2852
95182;3159
95182;1
95182;8
95182;2
95182;250
95182;240
95182;382
105374;316
1023;46876
1023;2878
105374;304
91145;91144
7201;1929
95224;91842
95224;1799
95220;316
95192;2062
95192;81026
95192;3200
95192;2035
95192;3520
95192;757
95192;81088
95192;3214
43590;13428
95322;91842
95322;2045
95322;471
95322;452
37304;244
93600;250
93600;1975
93600;766
93600;1977
93600;75510
93600;94687
95751;757
95858;2846
95858;1800
95858;2981
84172;1
96517;1927
96517;1991
96517;38336
96517;38337
96517;92930
96517;8838
96517;92934
96518;3205
96518;92654
96518;92697
97015;24753
91556;1926
55959;1988
55959;304
55959;316
55959;14
55959;41066
55959;1926
55959;263
55959;3162
55959;1812
55959;1913
55959;8
55959;11
55959;25
55959;315
55959;173
55959;382
55959;1782
58490;1801
91556;41066
91556;316
91556;1927
2159;2837
76973;36670
71666;2981
71666;3162
76973;316
76973;50447
3498;17125
119291;306
77006;1927
77006;2981
77006;2837
77006;1988
77006;263
77006;42672
77006;244
77006;1929
77006;1926
77006;17125
77006;14
77006;304
77006;42670
77006;3162
77312;58527
75804;3162
76727;56730
76727;41392
76727;41286
76774;41356
76774;55817
76774;34035
103988;224
110285;1929
57550;1926
57550;36670
124045;1926
124045;244
124045;41066
124045;1988
124045;72084
78609;2852
78609;21089
78609;25281
78609;76608
103857;48628
79638;76275
79638;25
79638;431
103857;324
103857;454
104871;244
52247;1926
52247;72084
47027;263
52247;2981
79693;77
83289;52303
83289;42673
9554;185
43575;704
83298;3271
83298;3235
58490;263
58490;244
58490;304
58490;2844
124045;2981
58490;1945
124045;1927
58490;58490
58490;173
3172;242
83300;1988
72079;14
72079;17125
72079;244
72079;1929
72079;1927
72079;2981
72079;304
72079;1945
72079;2844
72079;42670
72079;42673
72079;68487
125835;173
125835;244
125835;1975
72750;1929
70188;427
72093;2041
72748;72748
72748;2981
72748;242
72811;1988
72829;93
75933;89
75933;20788
75933;51238
75933;20791
75933;20792
75933;20782
75933;69916
52247;316
52247;2846
52247;48
52247;86144
52247;73
75800;245
75800;3243
124045;100584
75800;1975
75800;1977
124045;984
83300;2837
75800;75510
75800;253
75800;766
75800;257
75800;250
75800;249
75800;8928
75800;8927
57550;72084
83300;244
83300;3159
83300;1926
83300;2981
83300;90
83300;91
83300;93
83300;226
83300;74
83300;47388
83300;224
83690;2837
83690;1988
83690;17125
83690;14
83690;316
971;263
971;2034
83690;304
971;1990
971;3139
971;264
1992;38336
971;58736
971;299
23448;41066
23448;46876
23448;42672
23448;42670
83690;1927
83690;3162
83690;263
83690;41066
83690;72083
80972;2035
80972;757
90773;44987
69619;244
90773;77415
90773;44988
90773;45593
91119;25
91119;2114
56863;38174
56863;474
56863;428
56863;418
56863;427
9154;2981
84231;2062
33401;316
33401;1929
29410;96
29410;98
36686;2055
36686;2030
36686;1988
36686;211
36686;58527
36686;84156
124045;334
36686;46876
2075;25
2042;235
36686;42670
36686;2852
44396;44988
44396;44987
44396;1782
36686;38348
36686;21089
36686;2846
36686;2981
36686;1929
36686;25
9002;1929
9195;1929
84159;55962
79693;9053
92769;3162
96337;6106
96337;422
96337;428
96337;430
96337;431
96337;423
96337;427
124723;472
54127;2981
96337;417
254;375
60446;2837
60446;3162
60446;42670
60446;2844
60446;3159
60446;91
60446;172
60446;93
60446;171
60446;2
52247;324
96337;418
96337;36687
96337;304
96337;1710
96438;1927
96438;42670
96438;2981
58089;77
125835;248
60771;41589
60771;41590
60771;185
60771;94
60771;48
60773;41589
60773;41590
60773;94
60773;185
60773;48
60774;41066
60774;94
60774;48
60774;185
60774;263
60774;3162
60774;1988
60774;2981
60774;1929
1778;185
1395;185
53791;46
60926;1029
96438;263
96438;1988
96438;244
96438;17125
60926;955
60926;58527
60926;345
96438;1945
96438;42672
55957;2852
96438;2852
96438;14
96438;172
96438;91144
96438;367
96438;169
61510;29795
96438;46876
61372;40664
61372;1209
96438;25
61371;25
61371;466
61371;61370
105374;1926
103703;103708
47204;54
47204;58527
47204;1029
103703;105201
103703;1178
103703;103726
4246;27
4246;48
4246;94
4246;185
4246;8
4246;1
51144;185
62475;45399
62475;45396
62475;45397
62475;45398
62475;45400
89593;89593
90737;72219
90737;72153
90737;72217
90737;72155
90737;72142
90737;72144
90737;72285
306;42672
95191;1975
95191;253
95191;249
95191;1929
95191;2981
95191;248
95203;263
95203;1929
95203;2981
120292;91842
59923;2981
59923;244
59923;2844
59923;2846
59923;3162
59923;303
59923;3
59923;25
59923;90
59923;2393
59923;46876
41930;41066
306;36670
306;1927
32529;304
954;324
58983;263
58983;14
58983;1930
58983;244
58983;2844
58983;304
58983;2852
58983;2981
58983;1988
58983;42670
58983;17125
58983;1801
58983;44987
58983;470
58983;7
58983;1799
58983;172
58983;2114
306;68487
58983;1927
58983;25
42816;3517
88838;240
43574;704
43578;704
43592;704
43592;29304
43570;704
43584;704
43584;2828
43579;704
43581;704
43583;2829
43583;704
73242;42670
67184;2837
67184;42673
67184;1929
67184;2981
67184;3162
67184;8836
67184;3236
67184;3517
67184;3270
67184;42671
67184;2
67184;20789
67184;78055
67184;1987
67184;89
57313;316
57313;1927
57313;244
57313;41066
57313;1988
57313;304
57313;2846
40335;316
40335;41066
40335;1988
40335;304
40335;2846
51175;316
51175;304
51175;2846
51175;1988
51175;244
51175;1927
51222;316
51222;1927
51222;41066
51222;244
51222;1988
51222;304
51222;2846
51175;41066
51223;316
51223;1927
51223;244
51223;41066
51223;1988
51223;304
51223;2846
37307;2846
37307;1988
37307;41066
37307;244
37307;1927
37307;316
2764;2210
2764;303
67931;461
248;766
248;1975
110676;42670
110676;76917
73242;263
73242;2981
73242;2837
306;73212
73242;68487
73242;1801
73035;74
116375;421
73035;3159
72078;76917
76609;1929
76624;2852
88842;88837
76772;41273
76772;49998
59090;2981
59090;72084
59090;2844
59090;1988
59090;76917
59090;91
230;41066
76754;41314
76624;1929
76754;52945
76754;27618
67184;72082
67184;3152
103473;46
69633;91842
24917;24917
79691;36687
1023;72082
75168;14
84254;72084
84254;2846
72613;1812
72613;1799
88842;88841
120292;46538
90737;72270
90737;72157
90737;72228
90936;80497
110676;27
110676;72084
110676;1929
68279;475
91748;78
68344;1988
68344;2844
68344;36687
68344;931
68344;232
68346;41066
91748;69685
91748;3154
748;2837
748;185
68378;263
62417;25064
62417;28358
62417;28366
69350;94285
69350;68487
69350;1801
62417;1982
47510;423
69633;1812
29217;3162
68510;28282
69350;73212
69350;1945
69350;3
69350;1557
68510;28369
68535;244
748;263
748;2846
748;14
748;244
748;3162
748;2852
748;2981
748;1988
748;1927
68554;316
68554;263
68554;2844
68554;244
68554;304
68554;1926
68554;36670
68554;2981
68554;1930
748;42670
748;72084
748;36670
748;72083
120292;44331
120292;46784
95244;1988
95244;3162
95244;2852
95244;42672
95244;1929
95244;2
110676;3162
89754;2837
44701;52303
89754;42670
89754;91144
44701;88353
44701;4328
44701;72575
44701;46119
62220;244
62220;26
83699;83699
69633;1799
69633;1918
69633;60223
69633;1913
69633;427
1023;91842
102118;1927
102118;316
102118;1812
102118;91842
102937;748
102937;41066
102937;2852
68787;10
102937;1988
102937;1927
102937;72083
102937;211
103703;103729
103703;103728
103801;100922
103801;244
103801;1184
68874;68868
68874;68872
68874;68862
53791;46876
55957;46876
55957;42671
2159;12
2159;2045
69134;48
69154;2852
69154;8836
69154;3245
69154;3270
69154;3236
69154;3517
69154;3205
69154;3234
69154;21089
69154;46876
69154;25281
69154;2
1932;17125
103801;1183
103801;103813
120293;91842
103801;103812
103801;440
103801;1185
72078;94285
1023;76917
76723;41303
76723;52497
76778;41360
16478;1988
77695;2837
73049;244
76717;41302
76717;45952
83289;2837
76717;30314
76718;41323
76718;56409
77990;1812
76718;34296
76719;41335
76719;53444
76719;34313
76720;41290
76720;45582
76720;41379
76721;46420
76721;56211
76721;56195
76735;41343
76722;41284
76735;55429
76722;20590
76735;26281
76722;56583
76723;20263
76725;61924
76725;61961
76725;61943
76744;46398
76744;49318
86546;86144
76744;49295
76745;41304
47637;3413
47637;3243
47637;3271
72617;1812
1557;68487
10146;9154
10146;2034
69275;3164
69275;26869
68787;430
69350;2981
69350;316
69350;263
69350;2844
69350;1930
69350;304
69350;1927
69350;42673
44072;26
43588;704
43573;704
43591;704
43569;704
43569;13428
43594;29303
43594;704
43589;704
43593;29305
43593;704
10146;2035
43587;704
68787;417
89755;2981
72078;68487
72078;1801
108074;44072
43590;704
76745;45967
76745;34181
76747;41267
76747;45565
69458;467
76747;20572
76748;41269
76748;45668
76748;20182
101115;101068
76749;46397
76749;49286
321;42672
321;1988
321;244
321;41066
321;1927
37307;54844
57313;54844
51222;54844
51175;54844
51223;54844
40335;54844
40335;704
57313;704
37307;704
51223;704
51321;47388
321;2846
321;304
321;333
76749;49264
69619;469
102937;187
69710;244
69746;56837
69746;466
69746;1799
69746;173
76750;41305
76750;45975
101113;101068
76750;34254
101118;101068
76761;41309
76761;53942
101120;101068
76761;34264
76762;35993
76763;41352
76763;53554
101122;101068
76763;32144
69971;24712
47637;263
69994;60317
69994;42777
69994;2045
43072;27
76765;41306
76765;45989
70033;51321
70033;2837
70033;27
70033;47388
70033;90
70033;56142
70061;244
101123;101068
76765;27710
76766;41328
76766;51730
101124;101068
102937;193
76768;41353
70178;3162
76768;54149
102937;1812
76768;28538
76769;41310
52247;263
52247;58527
965;3436
965;3432
965;3431
3416;232
3416;14151
3416;1988
76769;53242
102937;91842
102937;8
70368;426
108074;27
108074;94
76770;41354
76770;54237
76770;34322
76771;41266
76771;45540
103547;244
76771;20670
103547;100908
103548;100908
103678;100918
105264;3213
70476;228
105264;75694
103700;100919
103700;244
47636;263
43585;2831
70536;1929
43571;2814
43572;2815
43574;2820
43575;2821
43577;2823
43586;2832
46770;1929
43570;14016
70191;38178
70191;464
70191;258
70191;47176
103701;100919
108074;185
108074;48
72078;73212
108147;250
81129;33032
108320;92930
108320;38336
108320;38337
108320;8838
108320;92934
108320;1812
108320;91842
108320;46876
230;1988
230;304
230;2844
230;1927
230;263
230;316
230;240
70647;430
109993;2852
7426;1196
109993;1929
109993;2981
109993;2837
109993;109913
22252;324
22252;22258
22252;22338
22252;22366
325;22338
325;22258
325;22366
325;324
325;1145
325;1219
325;1138
325;1151
325;1143
325;1148
325;1155
325;1150
325;15413
325;1220
325;1156
325;1157
325;10089
325;1149
325;1144
325;1140
325;1152
325;1153
325;1141
325;1142
325;1137
70735;2033
70735;2032
70735;3495
70735;37003
70735;2837
70735;1696
70735;90
70735;2065
70741;17125
70741;2837
70741;2981
70741;1929
70741;14
70741;42670
70741;316
70741;44987
70741;44988
7603;88290
57612;171
41036;1801
75815;2837
75909;244
20215;40322
110166;62883
44396;42672
89595;42672
89595;74011
89595;1988
89595;1926
89595;1945
89595;1929
76726;52664
89595;42670
96517;92707
3417;11
72768;24752
72768;47322
72800;46285
72800;69961
44396;68487
72800;426
72800;228
72805;72804
7603;88291
70951;67671
70919;46764
70919;1799
70919;5848
44396;72083
77695;17125
76738;49833
76784;53100
2159;8
78067;1929
116714;91842
3623;3619
3623;78
3623;3620
3623;3621
3623;46
71099;970
107107;1929
83294;26929
72805;69961
44396;73212
107107;2981
72805;33462
71302;46263
71302;46267
71302;466
71302;25
71314;22158
71371;1812
71371;1799
57612;36670
57612;241
57612;41066
57612;3162
57612;1929
57612;316
57612;1927
57612;2981
57612;263
57612;2844
57612;2846
57612;2837
57612;93
57612;2
57612;73
72805;426
72805;60367
72750;72819
72750;72816
72750;72817
72750;72818
72813;41066
72813;1988
72815;3162
78218;2837
78218;76917
78218;14
78218;1988
78218;1929
78218;42670
78218;2852
78218;263
78218;17125
72820;91
23448;1926
76726;34172
1658;223
76175;2844
7603;244
105260;244
70741;25
73242;1782
76609;2852
3523;334
3523;2045
3523;10677
3523;984
87450;14
77320;1
71685;304
71685;1988
71685;316
71685;1927
71685;3273
71685;1989
71685;23666
77320;91
71685;315
71685;2207
71685;36687
71685;45013
71685;2409
71685;306
77320;2058
92769;2846
71939;4325
68787;24753
108146;9156
77320;3213
77320;42672
86572;81128
78218;2981
78218;2844
78218;72084
78218;3162
78218;72082
70741;1945
76763;76855
76777;56080
76777;41395
47027;2846
75168;304
19235;1801
68265;416
92769;185
10498;41066
116714;93920
80973;76346
58490;2837
104359;1801
58490;68487
84208;2055
89595;1927
89595;2981
84219;3601
84231;55959
77205;2981
1023;72084
81129;316
77205;1929
85708;3159
89595;304
89595;2844
89595;91
77694;1927
14595;244
16071;1977
70245;1926
90754;1029
90754;1462
90754;50
90754;58
90754;58527
90754;955
90754;68
90754;63
90754;53
90754;2131
90754;55
90754;73321
91555;2837
91555;2981
91555;1929
91748;3620
92769;92748
84247;42672
84247;1927
84248;304
84248;3159
84249;42670
84249;41066
84250;42670
84250;41066
84250;1801
84251;36670
84252;94
84253;1927
84253;2837
93375;91
93376;91
93377;72820
105374;42672
116714;116430
116714;92627
87450;2981
87450;1929
87450;17125
87102;3200
3623;69685
95267;1988
95267;244
95267;3162
96050;14
96517;92727
104900;100905
3623;29029
3623;29028
3623;1213
104926;100916
104937;455
103568;103568
103702;100917
103702;244
103702;1178
103702;103726
103702;103728
103702;105201
103702;103729
103703;103710
103569;37240
103569;105407
103569;1180
103569;438
103569;103055
103569;37245
103569;95978
103569;89893
103569;95979
103569;95980
105651;2055
103777;244
103777;100904
103777;105652
103777;94429
103777;103799
103777;103800
103777;94425
103777;103797
103777;103798
103778;103788
103778;103789
103778;103785
103778;103683
103778;103786
103778;105652
103778;94429
103778;103799
103778;103800
103778;94425
103778;103797
103778;103798
103779;103788
103779;103789
103779;103785
103779;103683
103779;103684
103779;105652
103779;94429
103779;103799
103779;103800
103779;94425
103779;103797
103779;103798
103780;103788
103780;103785
103780;103789
103780;103787
103780;103786
103780;105652
103780;94429
103780;103799
103780;103800
103780;94425
103780;103797
103780;103798
103781;103788
103781;103789
103781;103785
103781;103787
103781;103786
84254;46876
84254;48
84254;185
84254;72078
84254;1812
84254;14
84254;1988
84254;1926
84254;41066
84254;244
84254;1929
84254;42670
84254;316
84254;1930
84254;304
84254;42672
84254;3159
84254;263
84254;2852
84254;72083
84254;1801
84254;68487
84255;3205
84303;52303
110676;41066
117606;83648
19039;1988
91269;3162
91269;2837
91269;304
91269;1988
91269;14
91269;1927
91269;244
91269;17125
91269;316
91269;382
91269;36687
91269;8
91269;25
91269;2
91269;1
91269;250
8302;244
19039;42670
19039;172
91556;2837
91556;1929
91556;2981
83276;1801
89544;38337
89544;89539
89544;14
91597;41066
748;41066
1916;1825
1916;1821
1916;1815
1916;1826
1916;91861
1916;1836
1916;89391
1916;40565
84243;1812
84244;1812
84245;72084
84246;17125
105922;2852
87466;25
87102;14
93394;91
87102;2114
87102;2981
320;1929
320;263
320;3162
320;1926
320;1988
320;2844
320;324
320;704
320;77
320;9053
93907;2852
93907;316
93907;173
93907;2837
93907;42673
93907;27
93907;304
93907;244
93907;1927
93907;17125
93907;1945
93907;41066
93907;2981
93907;2207
93907;1799
93907;1812
83697;17125
84172;1988
93287;421
93287;6081
91834;91624
87413;25
101119;1929
101114;101068
102145;89535
102145;38360
102145;38371
102145;9797
95236;94430
95236;244
95219;91842
95219;173
95219;1209
95244;1927
95321;91842
95321;1812
95321;173
95321;1799
95321;93
95321;172
36686;185
36686;48
36686;94
36686;244
95321;315
90533;2795
90533;72144
90533;3
90533;93
90533;171
90533;18
90533;2114
90533;457
90533;25
90533;24712
90533;1812
90533;173
90533;1799
119705;50934
119705;112976
119705;78
119705;1213
120293;80567
120293;58084
70245;57682
120294;91842
120294;68919
96003;316
120294;2045
96041;263
96041;316
96041;41066
96041;304
96041;244
96041;1926
96041;2837
96041;1801
96050;93
96050;2
96050;15
96050;1988
96050;1929
96050;263
96050;17125
96050;1945
96050;3162
96050;1927
96050;2981
96050;2844
96050;2846
96050;172
107091;3234
107091;2043
107091;75229
107091;75234
107091;2058
107091;2055
107091;47229
107091;8882
107091;75207
107091;75212
107376;40125
107376;102521
107376;57682
91140;1929
91140;2981
89544;1988
89544;41066
89544;17125
89544;3162
96680;431
54888;1927
72626;1
97685;14
97685;2035
97685;3214
97685;17125
97685;25
97685;2114
97685;93
91556;2852
91556;304
91556;2846
91556;46876
91556;86144
91556;57682
91556;21089
91556;25281
91556;45013
91556;25064
91556;54843
91556;54793
91556;36687
91556;322
1781;2981
1781;42670
1781;1927
98540;38336
98540;8838
98540;92930
98540;92934
98540;263
98540;14
98540;72083
98540;46876
98540;1812
120294;467
120391;263
102145;89541
102145;7473
107376;2045
102583;3236
102583;77
102583;1696
102583;78
102583;344
102585;42673
102585;76917
102585;2837
102585;263
102585;2844
102585;1926
102585;17125
102585;2852
102585;14
102585;3162
102585;1945
102585;72084
102585;316
102585;42670
102585;304
102585;1929
102585;1949
102585;1801
103208;74024
103208;74019
103208;74015
83277;316
83277;42672
83277;2844
103208;74011
103225;8
103225;244
103225;1927
103225;304
103225;14
107376;2330
107376;984
107376;261
107376;1782
120391;1929
120391;2981
120391;72084
120391;52303
120391;91624
121080;46
121080;52303
121080;1801
121082;49198
121082;78611
104359;17125
104359;2844
104359;324
104359;704
103606;49103
103606;244
103606;103607
103607;49103
103607;103714
103607;103715
103607;103716
103607;103717
103607;103718
103607;103719
103607;103720
103607;103612
103607;103610
103607;103613
103607;103614
103607;103611
104872;94428
104871;94428
105131;244
105131;100900
105130;100900
105258;3618
105258;3619
105258;78
105258;3620
105258;3621
105258;69685
105258;1213
105258;29029
105258;29028
105262;1801
105262;68487
105262;73212
105262;42673
105262;1926
105262;244
105262;316
105262;72083
105262;1930
105262;304
105262;42672
105262;3159
105262;263
105262;17125
83692;478
104359;14
104359;1927
105211;100915
105212;100915
105260;100909
103640;244
103666;100921
103582;244
103582;100914
105176;451
105374;2844
105359;3162
105359;1945
105359;244
105359;42670
105359;1927
105359;304
105359;36687
105359;315
105394;100907
105394;244
103703;103706
121428;73212
103568;244
103568;100911
103568;438
103568;37240
103568;1180
103568;103055
103568;95978
103568;37245
103568;89893
103568;95979
103568;95980
103568;105137
103568;105138
103568;105407
103853;434
103853;244
103853;103841
103853;103843
103853;32247
103853;100871
103853;103844
103853;100878
103853;103846
103853;103845
103853;33147
103853;100894
103853;103842
103854;434
107112;2981
103854;103849
107380;1799
103854;103851
103854;103852
103854;103841
103854;103843
103854;32247
103854;100871
103854;103844
103854;100878
103854;103846
103854;103845
103854;33147
103854;100894
103854;103842
103854;105185
103854;105186
105112;100912
105112;244
105112;447
105112;1201
105112;1200
123109;44988
105112;1202
105112;105101
105112;105102
105112;105103
105112;105104
105112;105105
105112;105106
105112;105107
105112;105108
105112;105109
105112;105110
105112;105111
105113;100912
105113;105115
105113;105116
105113;105132
105113;105133
105113;105134
105113;447
105113;1201
105113;1200
123109;1799
105113;1202
105113;105101
105113;105102
105113;105103
105113;105104
105113;105105
105113;105106
105113;105107
105113;105108
105113;105109
105113;105110
105113;105111
104900;104894
104900;104893
104900;104892
104900;104891
104900;104897
104900;104898
104900;104896
104900;104895
104900;1182
104900;104885
104900;104886
104900;104882
104900;104883
104900;104884
104899;100905
104899;104894
104899;104893
104899;104892
104899;104891
104899;104897
104899;104898
104899;104896
104899;104895
104899;1182
104899;244
123109;3520
107380;469
2042;2837
2042;105915
109012;2837
109012;1949
109012;91624
109012;94285
109012;3159
109012;1988
109012;244
109012;1926
109012;2981
109012;3162
109012;304
109012;1929
110676;304
110676;1945
95236;25
103595;1198
103595;104855
103595;104856
103595;1199
103595;103604
103595;103605
103595;103601
103595;103602
103595;103603
109462;109463
109462;109464
109462;109465
109462;109466
109462;109467
109462;12593
1784;45142
2259;42673
2259;42672
2259;2846
3172;93
3172;89
3172;2846
3172;3162
3172;263
121428;42673
35620;78
110105;42670
110676;1927
110676;2844
110676;316
110676;14
110676;72083
110676;1930
110676;1926
110676;2981
121428;68487
121652;121651
121652;1956
121652;89690
121652;89668
121652;89654
121652;320
121657;21797
121657;20898
121657;20897
121657;21793
121658;2837
121658;1929
121658;2981
121658;3162
121658;2
72079;2837
72079;1988
72079;263
72079;316
121664;317
121664;3413
121664;9518
121664;9053
121664;74381
121664;119335
121664;33032
121664;116389
121664;324
121664;704
121664;1956
121664;334
121664;322
121664;173
121671;28958
121671;28967
121671;28965
121671;28972
121674;43051
121733;68487
121733;1801
121734;316
121734;68487
121734;1801
121734;1945
121734;4402
121734;3319
121734;1557
121734;104359
121734;73242
121734;2766
121734;306
121734;1950
121734;57612
121734;58490
121890;92748
121890;2837
121890;316
121890;185
121890;1929
121890;14
121890;304
121890;3162
121890;2981
121890;54843
69350;73242
69350;306
69350;4402
69350;2764
69350;110122
88984;110368
88984;36687
88984;244
321;316
122747;36670
122747;41066
122747;116516
122747;41109
122747;79684
123109;2
123109;42670
123109;1927
123109;75313
123109;104085
123109;77782
230;14
230;244
230;42672
16478;1929
16478;94285
16478;304
16478;3159
16478;42670
16478;2852
16478;2846
20215;113057
47762;42673
123384;240
123384;15
123384;80968
123384;8842
123384;2118
123562;95578
123562;105917
123564;2045
123564;102755
123567;316
123567;1801
123567;2844
123567;304
123567;244
123567;1930
123567;2981
123567;42672
123567;17125
123567;1945
123567;36670
123567;72084
123567;1926
95321;18
95736;91842
95736;415
95736;457
95736;26188
95737;1812
95737;1799
95737;1209
95737;60703
95737;60428
83699;14
83699;3214
83699;2114
83699;25
83699;1929
83699;2852
83699;3162
83699;1927
83699;1988
83699;2837
83699;25281
44306;2846
2761;17125
44306;263
36686;44072
104359;41066
104359;1930
83276;1930
83280;1988
83280;36670
83280;72084
83278;1926
83278;244
83278;263
103208;333
103241;93
103241;103230
103595;100902
103594;100902
103594;244
104925;100916
105262;1945
105262;36670
105262;1927
105262;2844
105262;72084
105262;1988
105262;2852
105261;100909
103666;244
103667;100921
11503;444
105359;1988
105359;1926
105359;17125
105374;36670
105211;1197
105211;1196
105211;1195
105212;1197
105212;1196
105212;1195
105212;105218
105212;105214
105212;105215
105212;105216
105212;105217
11503;244
11503;68268
11503;105092
11503;68270
11503;105094
11503;105095
11503;105096
11503;105093
11503;105097
11503;105091
11503;88902
11503;89698
11503;105098
11503;88903
11503;68676
11503;68455
11490;68268
11490;105092
11490;68270
11490;105094
11490;105095
11490;105096
11490;105093
11490;105097
11490;105091
11490;89698
11490;105098
11490;88903
11490;68676
11490;68455
11490;88904
105405;244
105405;46784
107107;89
105405;105248
105405;105249
105405;105250
105405;105247
105405;105253
105405;68868
105405;105252
105405;69946
105405;68862
105406;46784
107112;89
105406;105248
105406;105249
105406;105250
105406;105247
105406;105253
105406;68868
105406;105252
105406;69946
105406;68862
103703;103707
121082;78612
103618;104857
103618;449
103618;104858
103618;104859
103618;104860
103618;104861
103618;104862
103618;104863
103569;100911
103569;102574
103569;102577
103569;102575
103569;102578
103569;102576
103569;105137
103569;105138
105145;100901
105145;244
105145;105140
105145;105141
105145;105142
105145;1189
105145;105143
105145;105144
105145;1190
105146;100901
105146;105151
105146;105152
105146;105148
105146;105149
105146;105150
105146;105140
105146;105141
105146;105142
105146;1189
105146;105143
105146;105144
105146;1190
95236;95226
95236;95235
95236;95232
95236;95234
95236;95233
103700;105203
103700;26354
103700;5035
103700;4325
103700;5033
103700;105202
103701;105203
103701;26354
103701;5035
103701;4325
103701;5033
103701;105202
103701;103695
103701;103696
103701;103692
103701;103693
103701;103694
105176;105173
105176;105174
105176;35857
103781;105652
103781;94429
103781;103799
103781;103800
103781;94425
103781;103797
103781;103798
103782;103788
103782;103789
103782;103785
103782;103787
103782;103786
103782;105652
103782;94429
103782;103799
103782;103800
103782;94425
103782;103797
103782;103798
103793;100904
103793;103788
103793;103789
103793;103785
103793;103787
103793;103786
103793;105652
103793;94429
103793;103799
103793;103800
103793;94425
103793;103797
103793;103798
103571;103574
103571;103578
103571;103577
103571;105756
103571;105159
103571;450
103571;105156
103571;105157
103571;105158
107376;100584
121082;95344
107376;95194
107380;89256
107381;2802
107381;470
107381;87397
107381;87451
107380;416
107380;415
107380;423
107380;429
107380;470
107380;100919
107380;419
110166;62820
110166;62884
110166;71698
110166;62821
110166;62117
110105;14
110105;1988
107607;10355
105921;1930
105921;1934
105921;105915
96518;91842
121082;95345
121082;95346
121082;95347
121098;27
121098;2837
121098;316
121098;263
121098;41066
121098;1988
121098;2981
121098;52303
70219;41590
121673;116538
121673;74079
121673;116793
121673;117165
121668;75081
121668;203
121668;102
121668;2335
121674;42802
121674;73878
107940;73982
107940;37767
107940;72573
107940;72574
107940;74011
107940;74024
107940;74015
107940;74019
107940;46
107970;316
107970;263
107970;1929
107970;3162
107970;1988
107970;41066
108062;1988
108062;21089
108062;8
108086;72083
105374;244
108112;3236
108112;78
108112;77
108112;1696
108139;9707
108150;1989
108150;74933
108150;23666
108150;74931
108150;74932
108150;3273
108150;315
108150;6077
123834;42673
123834;14
123834;17125
123834;2114
123834;25
123834;1799
123834;304
123834;36687
123834;244
123834;253
123834;1988
123834;1945
123834;1927
123834;72083
124031;72567
124031;72568
124031;73565
124031;73570
124623;121427
1658;1988
1658;464
122771;304
122771;42673
122771;73212
122771;68487
124886;74381
72079;1801
125833;256
125833;123739
125833;123772
